{"cameraMode":{"drawMode":0,"name":"Shaded","section":"Shading Mode"},"sceneLighting":false,"audioPlay":false,"sceneViewState":{"m_AlwaysRefresh":false,"showFog":true,"showSkybox":false,"showFlares":true,"showImageEffects":true,"showParticleSystems":true,"showVisualEffectGraphs":true,"m_FxEnabled":false},"in2DMode":false,"pivot":{"x":0.30339914560317995,"y":5.406155109405518,"z":7.106635093688965},"rotation":{"x":0.0020564980804920198,"y":0.8360646367073059,"z":-0.5487319231033325,"w":0.003040810814127326},"size":1.7320507764816285,"orthographic":false}