{"cameraMode":{"drawMode":0,"name":"Shaded","section":"Shading Mode"},"sceneLighting":false,"audioPlay":false,"sceneViewState":{"m_AlwaysRefresh":false,"showFog":true,"showSkybox":false,"showFlares":true,"showImageEffects":true,"showParticleSystems":true,"showVisualEffectGraphs":true,"m_FxEnabled":false},"in2DMode":false,"pivot":{"x":-1.3615186214447022,"y":2.290675640106201,"z":4.274030685424805},"rotation":{"x":0.0071691665798425678,"y":0.8643824458122253,"z":-0.502758800983429,"w":0.012223582714796067},"size":1.7320507764816285,"orthographic":false}