{"cameraMode":{"drawMode":0,"name":"Shaded","section":"Shading Mode"},"sceneLighting":false,"audioPlay":false,"sceneViewState":{"m_AlwaysRefresh":false,"showFog":true,"showSkybox":false,"showFlares":true,"showImageEffects":true,"showParticleSystems":true,"showVisualEffectGraphs":true,"m_FxEnabled":false},"in2DMode":false,"pivot":{"x":0.7612836956977844,"y":-1.3848223686218262,"z":3.435255289077759},"rotation":{"x":-0.011930442415177822,"y":-0.9174383878707886,"z":0.3969024419784546,"w":-0.027244890108704568},"size":2.9320507049560549,"orthographic":false}