{"cameraMode":{"drawMode":0,"name":"Shaded","section":"Shading Mode"},"sceneLighting":false,"audioPlay":false,"sceneViewState":{"m_AlwaysRefresh":false,"showFog":true,"showSkybox":false,"showFlares":true,"showImageEffects":true,"showParticleSystems":true,"showVisualEffectGraphs":true,"m_FxEnabled":false},"in2DMode":false,"pivot":{"x":-50.208621978759769,"y":10.44807243347168,"z":-29.625165939331056},"rotation":{"x":-0.09189644455909729,"y":-0.37470853328704836,"z":0.037235673516988757,"w":-0.9218851327896118},"size":1.7320507764816285,"orthographic":false}